CustomerID,Retire,Invest,Educ,Mortgage,LOC,GENDER,MARITAL,CHILDREN,WORKING,HighMonVal,AgeRange
787,0,No,No,No,No,Male,Single,No,Yes,No,17 to 22
789,0,No,No,No,No,Male,Single,No,Yes,No,17 to 22
1,,No,No,Yes,No,Female,Widowed,No,Yes,Yes,17 to 22
2,,No,Yes,No,No,Female,Separated,No,Yes,Yes,17 to 22
3,1,No,Yes,Yes,No,Male,Single,No,Yes,No,17 to 22
4,1,No,No,No,No,Female,Widowed,No,Yes,Yes,17 to 22
5,1,No,No,No,No,Female,Separated,No,Yes,No,17 to 22
6,1,No,No,Yes,Yes,Male,Single,No,No,No,17 to 22
7,1,No,No,No,No,Female,Single,No,No,Yes,17 to 22
8,1,No,No,No,No,Female,Widowed,No,No,No,17 to 22
9,1,No,No,Yes,Yes,Female,Single,No,No,Yes,17 to 22
10,1,No,No,No,No,Female,Single,No,No,Yes,17 to 22
11,1,No,No,No,No,Female,Single,No,No,No,17 to 22
12,1,No,No,Yes,No,Female,Single,No,No,Yes,17 to 22
13,1,No,No,No,No,Male,Widowed,No,No,Yes,17 to 22
14,1,No,No,Yes,Yes,Female,Single,No,No,No,17 to 22
15,1,No,No,No,No,Male,Single,No,No,Yes,17 to 22
16,1,No,No,No,No,Male,Single,No,No,No,17 to 22
17,1,No,No,No,No,Male,Single,No,No,No,17 to 22
18,1,No,No,Yes,No,Female,Single,No,No,No,17 to 22
19,1,No,No,No,Yes,Male,Single,No,No,No,17 to 22
20,1,No,No,No,Yes,Female,Single,No,No,Yes,17 to 22
21,1,No,No,No,No,Female,Single,No,No,Yes,17 to 22
22,1,No,No,No,No,Male,Single,No,No,No,17 to 22
23,1,No,No,No,No,Female,Widowed,No,No,Yes,17 to 22
24,1,No,Yes,Yes,No,Female,Single,No,No,No,17 to 22
25,1,No,No,Yes,No,Male,Married,No,Yes,Yes,17 to 22
26,1,No,No,Yes,No,Male,Widowed,No,Yes,No,17 to 22
27,1,No,No,No,No,Female,Widowed,Yes,Yes,No,17 to 22
28,1,No,No,Yes,No,Female,Separated,No,Yes,Yes,17 to 22
29,1,No,No,Yes,No,Female,Separated,Yes,Yes,Yes,17 to 22
30,1,No,No,No,No,Male,Separated,No,Yes,No,17 to 22
31,1,No,No,No,No,Female,Single,No,Yes,Yes,17 to 22
32,1,No,No,No,Yes,Female,Widowed,No,Yes,No,17 to 22
33,1,No,No,No,Yes,Female,Single,No,Yes,No,17 to 22
34,1,No,No,Yes,No,Female,Separated,No,Yes,No,17 to 22
35,1,No,No,No,No,Male,Single,No,Yes,No,17 to 22
36,1,No,No,No,No,Male,Single,No,Yes,No,17 to 22
37,1,No,No,No,No,Male,Single,Yes,Yes,No,17 to 22
38,1,No,No,No,No,Female,Single,Yes,Yes,No,17 to 22
39,1,No,No,No,No,Female,Single,Yes,Yes,No,17 to 22
40,1,No,No,No,No,Male,Single,No,Yes,No,17 to 22
41,1,No,No,Yes,No,Female,Single,No,Yes,Yes,17 to 22
42,1,No,No,No,No,Male,Married,No,Yes,Yes,17 to 22
43,1,No,No,No,No,Female,Widowed,No,Yes,No,17 to 22
44,1,No,No,No,No,Male,Separated,No,Yes,No,17 to 22
45,1,No,No,No,No,Male,Widowed,No,Yes,No,17 to 22
46,1,No,No,Yes,Yes,Male,Single,No,Yes,No,17 to 22
47,1,No,No,No,No,Female,Single,Yes,Yes,No,17 to 22
48,1,No,No,No,Yes,Male,Single,Yes,Yes,Yes,17 to 22
49,1,No,No,No,No,Male,Single,Yes,Yes,,17 to 22
50,1,No,No,Yes,No,Female,Separated,No,Yes,Yes,17 to 22
51,1,No,No,No,No,Male,Married,No,Yes,Yes,17 to 22
52,1,No,No,No,Yes,Male,Widowed,No,Yes,Yes,17 to 22
53,1,No,No,Yes,No,Female,Single,No,Yes,No,17 to 22
54,1,No,No,Yes,No,Male,Widowed,No,Yes,Yes,17 to 22
55,1,No,Yes,No,No,Male,Married,No,Yes,No,17 to 22
56,1,No,No,No,No,Female,Separated,No,Yes,Yes,17 to 22
57,1,No,No,No,No,Female,Divorced,No,Yes,Yes,17 to 22
58,1,No,No,Yes,No,Male,Separated,No,Yes,No,17 to 22
59,1,No,No,Yes,No,Female,Separated,No,Yes,Yes,17 to 22
60,1,No,No,No,No,Female,Married,No,Yes,Yes,40 to 60
61,1,No,No,No,No,Female,Separated,No,Yes,No,60 to 70
62,1,No,No,Yes,Yes,Male,Single,No,Yes,Yes,60 to 70
63,1,Yes,No,No,Yes,Male,Separated,No,Yes,Yes,23 to 30
64,1,No,No,Yes,No,Male,Single,No,Yes,No,23 to 30
65,1,No,No,Yes,No,Female,Single,No,Yes,No,60 to 70
66,1,No,No,No,No,Female,Single,No,Yes,Yes,40 to 60
67,1,No,No,Yes,No,Female,Single,No,Yes,Yes,31 to 40
68,1,No,No,Yes,No,Female,Widowed,No,Yes,Yes,40 to 60
69,1,No,No,No,No,Female,Single,No,Yes,No,31 to 40
70,1,No,No,No,No,Female,Widowed,No,Yes,No,40 to 60
71,1,No,No,No,No,Male,Widowed,No,Yes,Yes,17 to 22
72,1,No,Yes,No,Yes,Female,Separated,No,Yes,Yes,23 to 30
73,1,No,No,Yes,No,Female,Divorced,No,Yes,No,17 to 22
74,1,No,No,No,No,Female,Married,No,Yes,Yes,31 to 40
75,1,No,No,No,No,Male,Divorced,No,Yes,Yes,17 to 22
76,1,No,No,Yes,Yes,Male,Separated,No,Yes,Yes,17 to 22
77,1,No,No,No,No,Male,Separated,No,Yes,No,31 to 40
78,1,No,No,Yes,No,Male,Separated,No,Yes,No,23 to 30
79,1,No,No,No,No,Female,Married,No,Yes,No,31 to 40
80,1,No,Yes,No,No,Female,Widowed,No,Yes,No,31 to 40
81,1,No,No,No,No,Female,Widowed,No,Yes,Yes,40 to 60
82,1,No,No,No,No,Male,Widowed,No,Yes,Yes,17 to 22
83,1,No,No,No,No,Male,Single,No,Yes,No,23 to 30
84,1,No,No,No,No,Female,Divorced,No,Yes,No,31 to 40
85,1,No,No,No,No,Female,Married,No,Yes,Yes,31 to 40
86,1,No,No,No,No,Male,Married,No,Yes,No,40 to 60
87,1,No,No,No,No,Male,Separated,No,Yes,Yes,23 to 30
88,1,No,No,No,No,Female,Divorced,No,Yes,No,23 to 30
89,1,No,No,No,No,Male,Widowed,No,Yes,,31 to 40
90,1,No,No,No,No,Female,Separated,No,Yes,No,23 to 30
91,1,No,No,No,No,Male,Separated,No,Yes,No,60 to 70
92,1,No,No,No,No,Male,Separated,No,Yes,No,17 to 22
93,1,No,No,Yes,No,Female,Separated,Yes,Yes,No,31 to 40
94,1,No,No,Yes,Yes,Male,Married,Yes,Yes,No,23 to 30
95,1,No,No,No,No,Male,Divorced,Yes,Yes,No,23 to 30
96,1,No,No,No,No,Male,Widowed,No,Yes,Yes,31 to 40
97,1,No,No,No,Yes,Female,Married,No,Yes,,40 to 60
98,1,No,No,No,No,Female,Single,No,Yes,No,23 to 30
99,1,No,No,No,No,Male,Single,No,Yes,No,40 to 60
100,1,No,No,No,No,Male,Single,No,Yes,No,31 to 40
101,1,No,No,Yes,Yes,Female,Single,No,Yes,Yes,31 to 40
102,1,No,No,Yes,No,Female,Single,No,Yes,No,23 to 30
103,1,No,No,No,No,Female,Widowed,No,Yes,No,17 to 22
104,1,No,No,No,No,Male,Divorced,No,Yes,,31 to 40
105,1,No,No,Yes,No,Female,Separated,No,Yes,No,40 to 60
106,1,No,No,Yes,No,Male,Single,No,Yes,Yes,23 to 30
107,1,No,No,No,No,Male,Married,No,Yes,Yes,40 to 60
108,1,No,No,No,No,Male,Married,No,Yes,No,31 to 40
109,1,No,No,Yes,No,Male,Married,No,Yes,Yes,17 to 22
110,1,No,No,No,No,Male,Widowed,No,Yes,Yes,40 to 60
111,1,No,Yes,Yes,No,Male,Single,No,Yes,Yes,60 to 70
112,1,No,No,No,No,Male,Divorced,No,Yes,Yes,23 to 30
113,1,No,No,No,No,Male,Separated,No,Yes,Yes,60 to 70
114,1,No,No,Yes,Yes,Male,Widowed,No,Yes,Yes,60 to 70
115,1,No,Yes,Yes,Yes,Female,Widowed,No,Yes,Yes,40 to 60
116,1,No,No,Yes,No,Female,Separated,No,Yes,Yes,60 to 70
117,1,No,No,No,No,Female,Separated,No,Yes,No,31 to 40
118,1,No,No,No,No,Female,Widowed,No,Yes,Yes,60 to 70
119,1,No,No,No,No,Male,Widowed,No,Yes,Yes,31 to 40
120,1,No,No,Yes,No,Male,Widowed,No,Yes,Yes,31 to 40
121,1,No,No,Yes,No,Male,Widowed,No,Yes,No,31 to 40
122,1,No,No,Yes,No,Male,Married,No,Yes,No,60 to 70
123,1,No,No,No,No,Female,Widowed,No,Yes,Yes,40 to 60
124,1,No,No,No,No,Female,Single,No,Yes,No,60 to 70
125,1,No,No,No,No,Male,Widowed,No,Yes,No,17 to 22
126,1,No,No,No,No,Female,Single,No,Yes,Yes,31 to 40
127,1,No,No,No,No,Male,Divorced,No,Yes,Yes,40 to 60
128,1,No,No,No,No,Male,Single,No,Yes,Yes,23 to 30
129,1,No,No,No,No,Male,Separated,No,Yes,No,17 to 22
130,1,No,No,No,No,Male,Married,No,Yes,No,31 to 40
131,1,No,No,No,No,Female,Widowed,No,Yes,Yes,23 to 30
132,1,No,No,No,No,Female,Divorced,No,Yes,Yes,31 to 40
133,1,No,No,No,No,Male,Married,No,Yes,Yes,17 to 22
134,1,No,Yes,Yes,No,Male,Married,No,Yes,No,17 to 22
135,1,Yes,No,Yes,Yes,Female,Separated,No,Yes,Yes,17 to 22
136,1,No,No,Yes,No,Male,Separated,No,Yes,Yes,23 to 30
137,1,No,No,Yes,No,Male,Married,No,Yes,No,17 to 22
138,1,No,No,No,No,Female,Married,No,Yes,No,40 to 60
139,1,No,No,Yes,No,Male,Married,No,Yes,No,40 to 60
140,1,No,No,No,No,Female,Married,No,Yes,Yes,31 to 40
141,1,No,No,Yes,No,Female,Married,No,Yes,Yes,23 to 30
142,1,No,No,No,Yes,Male,Married,No,Yes,Yes,60 to 70
143,1,No,No,No,No,Male,Separated,No,Yes,No,31 to 40
144,1,No,No,No,No,Male,Widowed,No,Yes,Yes,31 to 40
145,1,No,No,Yes,Yes,Female,Married,No,Yes,Yes,60 to 70
146,1,Yes,No,Yes,Yes,Female,Married,No,Yes,Yes,23 to 30
147,1,No,Yes,Yes,Yes,Male,Single,No,Yes,Yes,23 to 30
148,1,No,No,No,Yes,Male,Divorced,No,Yes,Yes,31 to 40
149,1,No,No,No,Yes,Male,Divorced,No,Yes,Yes,23 to 30
150,1,No,No,Yes,Yes,Female,Separated,No,Yes,Yes,31 to 40
151,1,No,Yes,Yes,Yes,Male,Separated,No,Yes,Yes,31 to 40
152,1,No,No,Yes,Yes,Female,Married,No,Yes,Yes,40 to 60
153,0,No,No,No,Yes,Female,Widowed,No,Yes,No,40 to 60
154,0,No,No,No,Yes,Female,Separated,No,Yes,No,31 to 40
155,0,No,No,No,Yes,Female,Divorced,No,Yes,No,31 to 40
156,0,No,No,No,Yes,Female,Single,No,Yes,No,60 to 70
157,1,No,No,No,Yes,Male,Single,No,Yes,No,60 to 70
158,1,No,No,No,Yes,Male,Widowed,No,Yes,No,40 to 60
159,0,No,No,No,Yes,Female,Single,No,Yes,No,60 to 70
160,1,Yes,No,Yes,Yes,Male,Married,No,Yes,Yes,40 to 60
161,0,No,No,No,Yes,Female,Married,No,Yes,No,40 to 60
162,0,No,No,No,Yes,Female,Single,No,Yes,No,23 to 30
163,0,No,No,No,Yes,Male,Married,Yes,Yes,No,23 to 30
164,0,No,No,No,Yes,Male,Separated,Yes,Yes,No,40 to 60
165,0,No,No,No,Yes,Female,Widowed,Yes,Yes,No,40 to 60
166,0,No,No,No,Yes,Male,Married,Yes,Yes,No,60 to 70
167,0,No,No,No,Yes,Male,Married,Yes,No,No,60 to 70
168,0,No,No,No,Yes,Female,Married,Yes,Yes,No,31 to 40
169,0,No,No,No,Yes,Female,Widowed,Yes,Yes,No,40 to 60
170,0,No,No,No,Yes,Male,Widowed,Yes,Yes,No,23 to 30
171,0,No,No,No,Yes,Female,Divorced,Yes,Yes,No,40 to 60
172,1,No,No,Yes,Yes,Male,Widowed,Yes,Yes,Yes,23 to 30
173,0,No,No,No,Yes,Female,Married,Yes,Yes,Yes,60 to 70
174,0,No,No,No,Yes,Female,Widowed,Yes,Yes,No,60 to 70
175,0,No,No,Yes,Yes,Female,Single,Yes,Yes,No,60 to 70
176,0,No,No,No,Yes,Male,Separated,Yes,Yes,No,23 to 30
177,0,No,No,No,Yes,Male,Widowed,Yes,Yes,No,31 to 40
178,0,No,No,No,Yes,Female,Married,Yes,Yes,No,60 to 70
179,0,No,No,Yes,Yes,Female,Married,Yes,Yes,No,60 to 70
180,0,No,No,No,Yes,Female,Separated,Yes,Yes,No,40 to 60
181,0,No,No,No,Yes,Female,Separated,Yes,Yes,No,40 to 60
182,0,No,No,No,Yes,Female,Widowed,Yes,Yes,No,17 to 22
183,1,No,No,No,Yes,Female,Married,Yes,Yes,No,40 to 60
184,0,No,No,No,Yes,Male,Separated,Yes,Yes,No,40 to 60
185,1,No,No,Yes,Yes,Male,Separated,Yes,Yes,Yes,40 to 60
186,1,No,No,Yes,Yes,Male,Divorced,Yes,Yes,No,60 to 70
187,1,No,No,No,Yes,Male,Divorced,Yes,Yes,Yes,40 to 60
188,1,No,No,No,Yes,Female,Married,Yes,Yes,No,40 to 60
189,0,No,No,No,Yes,Female,Single,Yes,Yes,No,31 to 40
190,0,No,No,No,Yes,Male,Widowed,Yes,Yes,No,31 to 40
191,0,No,No,No,Yes,Male,Single,Yes,Yes,No,31 to 40
192,0,No,No,No,Yes,Male,Divorced,Yes,Yes,No,40 to 60
193,0,No,No,Yes,Yes,Male,Separated,Yes,Yes,No,31 to 40
194,1,No,No,Yes,Yes,Female,Divorced,Yes,Yes,No,23 to 30
195,0,No,No,No,Yes,Male,Separated,Yes,Yes,Yes,31 to 40
196,0,No,No,No,Yes,Female,Married,Yes,Yes,No,40 to 60
197,0,No,No,No,Yes,Male,Married,Yes,Yes,No,31 to 40
198,0,No,No,Yes,Yes,Female,Married,Yes,Yes,No,60 to 70
199,0,No,No,No,Yes,Female,Divorced,Yes,Yes,No,23 to 30
200,0,No,No,No,Yes,Female,Married,Yes,Yes,No,60 to 70
201,0,No,No,No,Yes,Female,Separated,Yes,Yes,Yes,31 to 40
202,0,No,No,No,Yes,Female,Divorced,Yes,Yes,No,40 to 60
203,1,No,No,No,Yes,Female,Married,Yes,Yes,Yes,31 to 40
204,0,No,No,No,Yes,Male,Divorced,Yes,Yes,No,31 to 40
205,0,No,No,No,Yes,Male,Widowed,Yes,Yes,No,23 to 30
206,0,No,No,No,Yes,Female,Married,Yes,Yes,No,60 to 70
207,0,No,No,Yes,Yes,Female,Widowed,Yes,Yes,No,31 to 40
208,0,No,No,No,Yes,Male,Widowed,Yes,Yes,No,60 to 70
209,1,No,No,No,Yes,Female,Separated,Yes,Yes,No,23 to 30
210,0,No,Yes,Yes,Yes,Female,Married,Yes,Yes,Yes,31 to 40
211,0,No,No,Yes,Yes,Male,Separated,Yes,Yes,No,40 to 60
212,0,No,No,No,Yes,Female,Married,Yes,Yes,Yes,40 to 60
213,0,No,No,No,Yes,Male,Single,Yes,Yes,No,31 to 40
214,1,No,No,No,Yes,Male,Married,Yes,Yes,No,60 to 70
215,0,No,No,Yes,Yes,Male,Married,Yes,Yes,No,31 to 40
216,0,No,No,No,Yes,Female,Widowed,Yes,Yes,No,23 to 30
217,1,No,No,Yes,Yes,Female,Separated,Yes,Yes,No,23 to 30
218,0,No,No,No,Yes,Female,Married,Yes,Yes,No,23 to 30
219,1,No,No,Yes,Yes,Female,Widowed,Yes,Yes,Yes,40 to 60
220,1,No,No,No,Yes,Male,Married,No,Yes,No,31 to 40
221,1,No,No,No,Yes,Female,Separated,No,Yes,Yes,23 to 30
222,1,No,No,No,Yes,Male,Separated,No,Yes,Yes,40 to 60
223,0,No,No,No,Yes,Female,Widowed,No,Yes,No,40 to 60
224,0,No,No,Yes,Yes,Male,Single,No,Yes,No,31 to 40
225,0,No,No,Yes,Yes,Male,Separated,No,Yes,No,23 to 30
226,1,No,Yes,Yes,Yes,Female,Divorced,No,Yes,Yes,40 to 60
227,0,No,No,No,Yes,Male,Widowed,No,No,No,40 to 60
228,1,No,No,No,Yes,Male,Separated,No,No,No,17 to 22
229,1,No,No,Yes,Yes,Male,Single,No,No,No,60 to 70
230,0,No,No,No,Yes,Female,Divorced,No,No,No,60 to 70
231,0,No,No,Yes,Yes,Female,Separated,Yes,No,Yes,40 to 60
232,0,No,No,Yes,Yes,Male,Single,Yes,No,Yes,31 to 40
233,1,No,No,No,Yes,Male,Separated,Yes,No,No,31 to 40
234,0,No,No,No,Yes,Male,Widowed,Yes,No,No,23 to 30
235,0,No,No,No,Yes,Male,Married,Yes,No,No,23 to 30
236,0,No,No,No,Yes,Female,Separated,Yes,No,Yes,23 to 30
237,0,No,No,Yes,Yes,Female,Married,Yes,No,No,23 to 30
238,0,No,No,No,Yes,Female,Married,Yes,No,No,40 to 60
239,1,No,No,Yes,Yes,Male,Married,Yes,No,Yes,31 to 40
240,0,No,No,No,Yes,Male,Divorced,Yes,No,No,40 to 60
241,0,No,No,No,Yes,Male,Widowed,Yes,No,No,31 to 40
242,0,No,No,No,Yes,Male,Married,Yes,No,Yes,40 to 60
243,0,No,No,No,Yes,Female,Single,Yes,No,Yes,23 to 30
244,0,No,No,No,Yes,Male,Single,Yes,No,No,31 to 40
245,0,No,No,Yes,Yes,Female,Married,Yes,No,Yes,40 to 60
246,1,No,No,Yes,Yes,Female,Married,Yes,No,No,23 to 30
247,1,No,No,Yes,Yes,Female,Single,Yes,No,No,17 to 22
248,1,No,No,Yes,Yes,Female,Divorced,Yes,No,No,60 to 70
249,0,No,No,No,Yes,Female,Single,Yes,No,Yes,40 to 60
250,0,No,No,No,Yes,Male,Married,Yes,No,No,60 to 70
251,0,No,No,Yes,Yes,Female,Married,Yes,No,No,23 to 30
252,0,No,No,No,Yes,Male,Single,Yes,No,No,31 to 40
253,0,No,No,No,Yes,Female,Widowed,Yes,No,No,40 to 60
254,1,No,No,Yes,Yes,Male,Single,Yes,No,Yes,60 to 70
255,0,No,No,No,Yes,Male,Widowed,Yes,No,No,40 to 60
256,0,No,No,No,Yes,Male,Married,Yes,No,No,31 to 40
257,0,No,No,Yes,Yes,Male,Divorced,Yes,No,No,40 to 60
258,0,No,No,No,Yes,Male,Widowed,Yes,No,No,40 to 60
259,0,No,No,Yes,Yes,Male,Separated,Yes,No,No,23 to 30
260,1,No,Yes,Yes,Yes,Male,Widowed,Yes,No,Yes,23 to 30
261,0,No,No,No,Yes,Male,Married,Yes,No,No,23 to 30
262,0,No,No,No,Yes,Male,Married,Yes,No,No,31 to 40
263,0,No,No,Yes,Yes,Male,Separated,Yes,No,Yes,60 to 70
264,0,No,No,Yes,Yes,Male,Widowed,Yes,No,No,40 to 60
265,0,No,Yes,No,Yes,Male,Divorced,Yes,No,No,23 to 30
266,1,Yes,No,Yes,Yes,Male,Married,Yes,No,No,31 to 40
267,0,No,No,No,Yes,Male,Separated,Yes,No,No,60 to 70
268,0,No,No,No,Yes,Male,Divorced,Yes,No,No,23 to 30
269,0,No,No,No,Yes,Male,Married,Yes,No,No,60 to 70
270,0,No,No,Yes,Yes,Male,Married,Yes,No,Yes,40 to 60
271,0,No,No,No,Yes,Male,Widowed,Yes,No,No,31 to 40
272,0,No,No,No,Yes,Female,Married,Yes,No,No,23 to 30
273,0,No,No,No,Yes,Female,Widowed,No,No,No,31 to 40
274,0,No,No,No,Yes,Female,Widowed,No,No,No,23 to 30
275,1,No,No,Yes,Yes,Female,Separated,No,No,No,23 to 30
276,0,No,No,No,Yes,Female,Single,No,No,Yes,31 to 40
277,0,No,No,No,Yes,Female,Widowed,No,No,Yes,60 to 70
278,0,No,No,No,Yes,Female,Widowed,No,No,No,31 to 40
279,0,No,No,No,Yes,Female,Separated,No,No,No,40 to 60
280,0,No,No,No,Yes,Female,Married,No,No,No,17 to 22
281,0,No,No,No,Yes,Female,Separated,No,No,No,60 to 70
282,0,No,No,No,Yes,Female,Separated,No,No,No,23 to 30
283,0,No,No,Yes,Yes,Female,Married,No,Yes,Yes,31 to 40
284,0,No,No,No,Yes,Female,Married,No,Yes,No,40 to 60
285,0,No,No,Yes,Yes,Female,Married,No,Yes,No,40 to 60
286,1,No,No,No,Yes,Female,Separated,No,Yes,Yes,40 to 60
287,1,No,No,Yes,Yes,Female,Married,No,Yes,Yes,31 to 40
288,0,No,No,No,Yes,Female,Married,No,Yes,No,31 to 40
289,0,No,No,No,Yes,Female,Widowed,No,Yes,Yes,40 to 60
290,1,No,Yes,Yes,Yes,Female,Married,No,Yes,Yes,23 to 30
291,1,No,No,Yes,Yes,Female,Married,No,Yes,No,40 to 60
292,0,No,No,No,Yes,Female,Married,No,Yes,No,23 to 30
293,1,Yes,No,Yes,Yes,Female,Separated,No,Yes,Yes,60 to 70
294,1,No,No,Yes,Yes,Female,Divorced,No,Yes,Yes,17 to 22
295,0,No,No,No,Yes,Female,Married,No,Yes,No,17 to 22
296,1,No,No,Yes,Yes,Female,Single,No,Yes,Yes,40 to 60
297,0,No,No,Yes,Yes,Female,Separated,No,Yes,Yes,23 to 30
298,0,No,No,Yes,Yes,Female,Separated,No,Yes,No,23 to 30
299,1,No,No,No,Yes,Female,Married,No,Yes,,31 to 40
300,1,No,No,Yes,Yes,Female,Married,No,Yes,Yes,40 to 60
301,0,No,No,Yes,Yes,Female,Separated,No,Yes,No,23 to 30
302,0,No,No,No,Yes,Female,Married,No,Yes,No,17 to 22
303,0,No,No,No,Yes,Female,Married,No,Yes,Yes,23 to 30
304,0,No,No,No,Yes,Female,Married,No,Yes,No,60 to 70
305,0,No,No,No,Yes,Female,Divorced,No,Yes,No,23 to 30
306,1,No,No,Yes,Yes,Female,Married,No,Yes,Yes,17 to 22
307,0,No,No,Yes,Yes,Female,Separated,No,Yes,No,17 to 22
308,1,No,No,No,Yes,Female,Married,No,Yes,No,31 to 40
309,1,No,No,Yes,Yes,Female,Married,No,Yes,Yes,31 to 40
310,0,No,No,No,Yes,Female,Divorced,No,Yes,Yes,31 to 40
311,0,No,No,No,Yes,Female,Separated,No,Yes,No,31 to 40
312,0,No,No,No,Yes,Female,Single,No,Yes,No,40 to 60
313,1,Yes,Yes,Yes,No,Male,Divorced,No,Yes,Yes,40 to 60
314,1,No,No,Yes,No,Male,Married,No,Yes,No,40 to 60
315,1,No,Yes,Yes,No,Male,Divorced,No,Yes,Yes,23 to 30
316,1,No,No,Yes,Yes,Female,Married,No,Yes,Yes,23 to 30
317,1,No,No,Yes,Yes,Female,Single,No,Yes,Yes,31 to 40
318,1,No,Yes,Yes,No,Female,Married,No,Yes,Yes,23 to 30
319,1,No,Yes,No,No,Female,Separated,No,Yes,No,23 to 30
320,1,Yes,No,Yes,Yes,Male,Separated,No,Yes,Yes,40 to 60
321,1,No,No,No,No,Male,Widowed,No,Yes,No,17 to 22
322,1,No,No,No,Yes,Female,Divorced,No,Yes,Yes,23 to 30
323,1,No,No,Yes,Yes,Female,Separated,No,Yes,Yes,40 to 60
324,1,No,No,No,Yes,Male,Separated,No,Yes,Yes,31 to 40
325,1,No,No,Yes,No,Male,Widowed,No,Yes,No,17 to 22
326,1,No,Yes,No,No,Male,Separated,No,Yes,No,31 to 40
327,1,No,No,No,No,Female,Widowed,No,Yes,No,23 to 30
328,1,No,Yes,Yes,No,Male,Widowed,No,Yes,Yes,40 to 60
329,1,No,No,Yes,Yes,Male,Divorced,No,Yes,Yes,23 to 30
330,1,No,No,No,No,Female,Married,No,Yes,Yes,23 to 30
331,1,Yes,No,Yes,Yes,Female,Divorced,No,Yes,Yes,23 to 30
332,1,No,No,Yes,Yes,Female,Married,No,Yes,Yes,40 to 60
333,1,No,No,Yes,Yes,Female,Divorced,No,Yes,Yes,17 to 22
334,1,No,No,Yes,Yes,Female,Single,No,Yes,Yes,40 to 60
335,1,No,No,No,No,Female,Divorced,No,Yes,Yes,60 to 70
336,1,No,No,No,No,Female,Separated,No,Yes,Yes,60 to 70
337,1,No,No,Yes,No,Female,Widowed,No,Yes,No,23 to 30
338,1,No,No,No,No,Male,Separated,No,Yes,Yes,23 to 30
339,1,No,No,No,No,Male,Separated,No,Yes,No,40 to 60
340,1,No,No,Yes,No,Female,Separated,No,Yes,Yes,31 to 40
341,1,No,No,Yes,No,Female,Widowed,No,Yes,Yes,31 to 40
342,1,Yes,Yes,Yes,Yes,Female,Widowed,No,Yes,Yes,23 to 30
343,1,No,No,Yes,No,Male,Married,No,Yes,Yes,23 to 30
344,1,No,No,Yes,Yes,Male,Married,No,Yes,Yes,60 to 70
345,1,No,No,Yes,Yes,Female,Widowed,No,Yes,Yes,23 to 30
346,1,No,No,Yes,Yes,Male,Widowed,No,Yes,Yes,31 to 40
347,1,Yes,No,Yes,Yes,Male,Single,No,Yes,Yes,31 to 40
348,1,No,No,Yes,Yes,Male,Single,No,Yes,Yes,17 to 22
349,1,No,No,Yes,Yes,Female,Separated,No,Yes,Yes,40 to 60
350,1,No,No,No,Yes,Female,Divorced,No,Yes,Yes,17 to 22
351,1,No,No,Yes,Yes,Female,Separated,No,Yes,Yes,23 to 30
352,1,No,No,Yes,Yes,Male,Married,No,Yes,Yes,23 to 30
353,0,No,No,Yes,Yes,Female,Widowed,No,Yes,Yes,23 to 30
354,1,No,No,No,Yes,Female,Widowed,No,Yes,Yes,31 to 40
355,1,No,No,Yes,Yes,Female,Separated,No,Yes,Yes,31 to 40
356,0,No,Yes,No,Yes,Male,Divorced,No,Yes,Yes,31 to 40
357,1,No,No,Yes,Yes,Female,Widowed,No,Yes,Yes,31 to 40
358,1,No,No,No,Yes,Female,Separated,No,Yes,Yes,23 to 30
359,1,No,No,No,Yes,Male,Widowed,No,Yes,Yes,40 to 60
360,1,No,Yes,Yes,Yes,Male,Widowed,No,Yes,Yes,60 to 70
361,1,No,No,No,Yes,Male,Separated,No,Yes,Yes,23 to 30
362,1,Yes,No,Yes,Yes,Female,Divorced,No,Yes,Yes,31 to 40
363,1,No,No,Yes,Yes,Male,Widowed,No,Yes,Yes,40 to 60
364,1,Yes,Yes,Yes,Yes,Female,Married,No,Yes,Yes,17 to 22
365,1,Yes,Yes,Yes,Yes,Male,Widowed,No,Yes,Yes,31 to 40
366,1,No,No,Yes,Yes,Female,Married,No,Yes,Yes,40 to 60
367,1,Yes,No,Yes,Yes,Female,Married,No,Yes,Yes,17 to 22
368,1,No,No,No,Yes,Male,Married,No,Yes,Yes,40 to 60
369,1,No,Yes,Yes,Yes,Male,Single,No,Yes,Yes,40 to 60
370,1,No,Yes,Yes,Yes,Female,Widowed,No,Yes,Yes,60 to 70
371,1,No,No,Yes,Yes,Female,Married,No,Yes,Yes,40 to 60
372,0,No,No,No,Yes,Male,Married,No,Yes,No,40 to 60
373,1,No,No,Yes,Yes,Male,Married,No,Yes,Yes,23 to 30
374,1,No,No,Yes,Yes,Male,Separated,No,Yes,Yes,40 to 60
375,1,No,Yes,Yes,Yes,Male,Separated,No,Yes,Yes,17 to 22
376,1,No,No,Yes,Yes,Male,Divorced,No,Yes,Yes,40 to 60
377,1,Yes,No,No,Yes,Male,Widowed,No,Yes,Yes,40 to 60
378,1,No,No,Yes,Yes,Male,Divorced,No,Yes,Yes,31 to 40
379,1,Yes,No,Yes,Yes,Female,Widowed,No,Yes,Yes,23 to 30
380,1,No,No,Yes,Yes,Female,Separated,No,Yes,Yes,40 to 60
381,1,No,No,Yes,Yes,Male,Divorced,No,Yes,Yes,17 to 22
382,1,Yes,No,Yes,Yes,Male,Separated,No,Yes,Yes,31 to 40
383,1,No,No,No,Yes,Female,Separated,No,Yes,Yes,40 to 60
384,0,No,No,No,Yes,Male,Separated,No,Yes,Yes,31 to 40
385,0,No,Yes,No,Yes,Male,Widowed,No,Yes,No,40 to 60
386,0,No,Yes,No,Yes,Male,Married,No,Yes,Yes,40 to 60
387,1,No,No,Yes,Yes,Female,Widowed,No,Yes,Yes,40 to 60
388,1,No,No,No,Yes,Female,Separated,No,Yes,Yes,23 to 30
389,1,No,No,No,Yes,Female,Widowed,No,Yes,Yes,40 to 60
390,0,No,No,Yes,Yes,Male,Single,No,Yes,No,31 to 40
391,0,No,No,No,Yes,Female,Married,No,Yes,No,40 to 60
392,1,No,No,No,Yes,Female,Widowed,No,Yes,Yes,40 to 60
393,0,No,No,Yes,Yes,Female,Single,No,Yes,No,23 to 30
394,0,No,No,Yes,Yes,Female,Married,Yes,No,Yes,17 to 22
395,1,No,Yes,Yes,No,Female,Single,Yes,Yes,Yes,17 to 22
396,0,No,No,Yes,Yes,Female,Widowed,Yes,Yes,No,17 to 22
397,1,No,No,Yes,No,Female,Married,Yes,Yes,Yes,17 to 22
398,0,No,Yes,Yes,No,Female,Separated,Yes,Yes,Yes,17 to 22
399,1,No,No,No,No,Female,Separated,Yes,Yes,Yes,17 to 22
400,0,No,No,Yes,Yes,Female,Single,Yes,Yes,Yes,17 to 22
401,0,No,No,Yes,No,Female,Single,Yes,Yes,No,17 to 22
402,1,No,No,No,No,Female,Single,Yes,Yes,Yes,17 to 22
403,1,No,No,Yes,Yes,Female,Single,Yes,Yes,Yes,17 to 22
404,0,No,No,No,No,Female,Single,Yes,Yes,Yes,17 to 22
405,0,No,No,No,No,Female,Single,Yes,Yes,No,17 to 22
406,0,No,No,Yes,Yes,Female,Single,Yes,No,No,17 to 22
407,1,No,No,Yes,No,Female,Single,Yes,Yes,No,17 to 22
408,0,No,Yes,Yes,Yes,Female,Single,Yes,Yes,Yes,17 to 22
409,0,No,Yes,Yes,Yes,Female,Single,Yes,Yes,Yes,17 to 22
410,1,No,No,No,Yes,Female,Single,Yes,Yes,Yes,17 to 22
411,0,No,No,Yes,Yes,Female,Single,Yes,Yes,No,17 to 22
412,0,No,No,Yes,No,Female,Single,Yes,Yes,No,17 to 22
413,0,No,No,Yes,No,Female,Single,Yes,Yes,No,17 to 22
414,1,Yes,No,No,Yes,Female,Single,Yes,Yes,Yes,17 to 22
415,0,No,No,Yes,No,Female,Single,Yes,Yes,No,17 to 22
416,0,No,No,Yes,Yes,Female,Single,Yes,Yes,No,17 to 22
417,0,No,No,No,No,Female,Single,Yes,Yes,Yes,17 to 22
418,0,No,No,No,No,Female,Single,Yes,Yes,No,17 to 22
419,0,No,No,Yes,No,Female,Single,Yes,Yes,No,17 to 22
420,0,No,No,Yes,No,Female,Single,Yes,No,No,17 to 22
421,0,No,No,Yes,No,Female,Single,Yes,Yes,No,17 to 22
422,0,No,No,Yes,No,Female,Married,Yes,Yes,Yes,17 to 22
423,0,No,No,Yes,No,Female,Married,Yes,Yes,Yes,17 to 22
424,0,No,No,Yes,No,Female,Married,Yes,Yes,No,17 to 22
425,0,No,No,Yes,Yes,Female,Married,Yes,Yes,No,17 to 22
426,0,No,No,Yes,Yes,Female,Married,Yes,Yes,Yes,17 to 22
427,0,No,No,No,No,Female,Married,Yes,Yes,Yes,17 to 22
428,1,No,No,No,Yes,Female,Married,Yes,Yes,Yes,17 to 22
429,1,No,No,No,Yes,Female,Married,Yes,Yes,Yes,17 to 22
430,0,No,No,No,No,Female,Married,Yes,Yes,Yes,17 to 22
431,0,No,No,No,No,Female,Married,Yes,Yes,Yes,17 to 22
432,0,No,No,Yes,No,Female,Married,Yes,Yes,No,17 to 22
433,1,No,No,Yes,No,Female,Married,Yes,No,No,17 to 22
434,0,No,No,Yes,No,Female,Married,Yes,Yes,No,17 to 22
435,0,No,Yes,Yes,No,Female,Married,Yes,Yes,Yes,23 to 30
436,0,No,No,No,No,Female,Married,Yes,Yes,Yes,23 to 30
437,0,No,No,Yes,No,Female,Married,Yes,Yes,No,23 to 30
438,0,No,No,Yes,No,Female,Married,Yes,Yes,No,23 to 30
439,0,No,Yes,Yes,No,Female,Married,Yes,Yes,Yes,23 to 30
440,0,No,Yes,Yes,Yes,Female,Married,Yes,Yes,Yes,23 to 30
441,0,No,No,No,No,Female,Married,Yes,Yes,No,23 to 30
442,0,No,No,Yes,Yes,Female,Married,Yes,Yes,Yes,23 to 30
443,0,No,Yes,Yes,No,Female,Married,Yes,Yes,No,23 to 30
444,0,No,No,Yes,No,Female,Married,Yes,Yes,Yes,23 to 30
445,1,No,No,No,No,Female,Married,Yes,No,Yes,23 to 30
446,1,No,No,No,No,Female,Married,Yes,No,Yes,23 to 30
447,1,No,No,No,Yes,Female,Married,Yes,No,Yes,23 to 30
448,0,No,No,Yes,No,Female,Married,Yes,No,Yes,23 to 30
449,0,No,No,No,No,Female,Married,Yes,No,Yes,23 to 30
450,0,No,No,Yes,No,Female,Married,Yes,No,No,23 to 30
451,1,No,No,No,No,Female,Married,Yes,Yes,Yes,23 to 30
452,0,No,No,No,No,Female,Married,Yes,Yes,Yes,23 to 30
453,0,No,No,Yes,Yes,Female,Married,Yes,Yes,No,23 to 30
454,1,No,No,Yes,No,Female,Married,Yes,Yes,Yes,23 to 30
455,1,No,No,Yes,No,Female,Separated,Yes,Yes,Yes,23 to 30
456,0,No,No,No,No,Female,Separated,Yes,Yes,Yes,23 to 30
457,0,No,No,Yes,No,Female,Widowed,Yes,Yes,No,23 to 30
458,0,No,Yes,Yes,No,Female,Separated,Yes,Yes,Yes,23 to 30
459,1,No,No,No,Yes,Female,Separated,Yes,Yes,No,23 to 30
460,1,No,No,No,Yes,Female,Separated,Yes,Yes,Yes,23 to 30
461,0,No,No,Yes,No,Female,Married,Yes,Yes,No,23 to 30
462,0,No,No,No,No,Female,Married,Yes,Yes,Yes,23 to 30
463,0,No,No,No,No,Female,Separated,Yes,Yes,Yes,23 to 30
464,0,Yes,No,Yes,No,Female,Married,Yes,Yes,No,23 to 30
465,0,No,No,No,Yes,Female,Separated,Yes,Yes,Yes,23 to 30
466,1,Yes,No,Yes,Yes,Female,Divorced,Yes,Yes,Yes,23 to 30
467,0,No,No,Yes,No,Female,Separated,Yes,Yes,No,23 to 30
468,0,No,No,Yes,No,Female,Divorced,Yes,Yes,No,23 to 30
469,0,No,No,No,No,Female,Widowed,Yes,No,Yes,23 to 30
470,0,No,Yes,Yes,Yes,Female,Widowed,Yes,No,Yes,23 to 30
471,1,No,No,No,No,Female,Separated,Yes,No,Yes,23 to 30
472,0,No,No,Yes,No,Female,Separated,Yes,No,Yes,23 to 30
473,0,No,No,Yes,Yes,Female,Single,Yes,Yes,No,23 to 30
474,1,No,Yes,Yes,Yes,Female,Single,Yes,Yes,Yes,23 to 30
475,0,No,No,Yes,No,Female,Married,Yes,Yes,No,23 to 30
476,1,No,No,Yes,No,Female,Divorced,Yes,Yes,Yes,23 to 30
477,0,No,No,Yes,Yes,Female,Divorced,Yes,Yes,No,23 to 30
478,0,No,No,No,Yes,Female,Separated,Yes,Yes,No,23 to 30
479,0,No,No,Yes,No,Female,Widowed,Yes,Yes,No,23 to 30
480,1,No,Yes,Yes,No,Female,Separated,No,Yes,Yes,23 to 30
481,0,No,No,Yes,No,Female,Widowed,No,Yes,Yes,23 to 30
482,0,No,No,Yes,Yes,Female,Single,No,Yes,Yes,23 to 30
483,0,No,No,Yes,Yes,Female,Single,No,Yes,No,31 to 40
484,0,No,No,Yes,No,Female,Married,No,Yes,No,31 to 40
485,1,No,No,Yes,Yes,Female,Divorced,No,Yes,Yes,40 to 60
486,1,No,Yes,Yes,Yes,Female,Separated,No,Yes,Yes,40 to 60
487,1,No,No,No,Yes,Female,Widowed,No,Yes,Yes,31 to 40
488,1,No,No,No,No,Female,Married,No,Yes,Yes,23 to 30
489,1,No,No,Yes,Yes,Female,Married,No,Yes,Yes,31 to 40
490,1,No,No,Yes,Yes,Female,Married,No,Yes,Yes,60 to 70
491,0,No,No,Yes,No,Female,Married,No,Yes,No,60 to 70
492,0,No,No,Yes,Yes,Female,Married,No,Yes,Yes,40 to 60
493,1,No,No,Yes,Yes,Female,Married,No,Yes,Yes,23 to 30
494,0,No,No,Yes,No,Female,Widowed,No,Yes,No,40 to 60
495,1,No,No,Yes,Yes,Female,Separated,No,Yes,Yes,23 to 30
496,0,No,No,No,No,Female,Widowed,No,Yes,Yes,31 to 40
497,0,No,No,Yes,No,Female,Widowed,No,Yes,No,60 to 70
498,1,No,No,Yes,No,Female,Widowed,No,Yes,Yes,23 to 30
499,1,No,No,No,No,Female,Married,No,Yes,No,60 to 70
500,0,No,No,Yes,No,Female,Separated,No,Yes,No,40 to 60
501,1,No,No,Yes,Yes,Male,Single,No,Yes,Yes,60 to 70
502,1,No,No,Yes,No,Female,Divorced,No,Yes,No,17 to 22
503,0,No,Yes,Yes,Yes,Male,Divorced,No,Yes,No,40 to 60
504,1,No,No,No,No,Male,Married,No,Yes,No,31 to 40
505,0,No,No,Yes,Yes,Male,Married,No,Yes,Yes,40 to 60
506,0,No,Yes,Yes,No,Male,Widowed,No,Yes,Yes,31 to 40
507,0,No,No,Yes,No,Male,Widowed,No,Yes,Yes,31 to 40
508,1,No,No,Yes,Yes,Female,Separated,No,Yes,Yes,17 to 22
509,0,No,No,No,Yes,Male,Single,No,Yes,Yes,31 to 40
510,0,No,Yes,Yes,No,Female,Widowed,No,Yes,No,31 to 40
511,1,No,No,Yes,No,Female,Widowed,No,Yes,Yes,17 to 22
512,0,No,No,No,No,Male,Widowed,No,Yes,No,17 to 22
513,1,No,Yes,Yes,Yes,Male,Separated,No,Yes,Yes,23 to 30
514,0,No,No,No,No,Male,Divorced,No,Yes,No,23 to 30
515,0,No,No,Yes,Yes,Male,Widowed,No,Yes,,17 to 22
516,1,No,No,Yes,No,Male,Married,No,Yes,Yes,17 to 22
517,1,No,No,No,Yes,Male,Widowed,No,Yes,Yes,60 to 70
518,0,No,No,Yes,No,Female,Separated,Yes,Yes,No,60 to 70
519,0,No,No,Yes,No,Female,Widowed,Yes,Yes,No,31 to 40
520,0,No,No,No,No,Male,Widowed,Yes,Yes,No,23 to 30
521,0,No,No,No,Yes,Male,Divorced,Yes,Yes,Yes,23 to 30
522,1,No,No,No,Yes,Female,Married,Yes,Yes,Yes,60 to 70
523,0,No,No,No,No,Male,Married,Yes,Yes,Yes,40 to 60
524,1,No,Yes,No,Yes,Female,Widowed,Yes,Yes,Yes,23 to 30
525,0,No,No,Yes,No,Female,Single,Yes,Yes,Yes,31 to 40
526,0,No,No,Yes,No,Female,Separated,Yes,Yes,No,31 to 40
527,1,No,No,Yes,Yes,Male,Married,Yes,No,Yes,31 to 40
528,0,No,No,Yes,Yes,Female,Widowed,Yes,No,Yes,31 to 40
529,1,No,Yes,No,Yes,Male,Separated,Yes,No,Yes,23 to 30
530,0,No,Yes,Yes,Yes,Male,Widowed,Yes,No,No,60 to 70
531,0,No,Yes,No,No,Male,Separated,Yes,No,No,23 to 30
532,0,No,No,Yes,Yes,Female,Married,Yes,Yes,Yes,40 to 60
533,0,No,No,Yes,No,Female,Separated,Yes,Yes,Yes,23 to 30
534,1,No,No,No,Yes,Male,Widowed,Yes,Yes,Yes,40 to 60
535,1,No,No,Yes,No,Male,Married,Yes,Yes,Yes,40 to 60
536,0,No,No,Yes,No,Male,Separated,Yes,Yes,No,23 to 30
537,0,No,No,Yes,Yes,Male,Divorced,Yes,Yes,Yes,17 to 22
538,0,No,No,No,Yes,Male,Separated,Yes,Yes,No,23 to 30
539,1,No,Yes,Yes,Yes,Male,Divorced,Yes,Yes,Yes,40 to 60
540,0,No,Yes,Yes,Yes,Male,Married,Yes,Yes,No,17 to 22
541,0,No,No,Yes,No,Male,Widowed,Yes,Yes,Yes,17 to 22
542,0,No,No,Yes,No,Female,Widowed,Yes,Yes,No,23 to 30
543,0,No,No,Yes,No,Male,Single,Yes,Yes,,23 to 30
544,0,No,No,No,Yes,Female,Separated,Yes,Yes,No,31 to 40
545,0,No,No,Yes,No,Male,Married,Yes,Yes,Yes,31 to 40
546,0,No,No,Yes,No,Female,Single,Yes,Yes,Yes,23 to 30
547,1,No,No,Yes,Yes,Female,Divorced,Yes,Yes,Yes,40 to 60
548,0,No,No,Yes,No,Male,Widowed,Yes,Yes,No,31 to 40
549,0,No,No,Yes,No,Female,Separated,Yes,Yes,No,31 to 40
550,0,No,No,Yes,No,Female,Widowed,Yes,Yes,No,23 to 30
551,0,No,No,Yes,No,Female,Widowed,Yes,Yes,No,23 to 30
552,0,No,No,Yes,Yes,Male,Divorced,Yes,Yes,Yes,23 to 30
553,0,No,No,Yes,No,Male,Married,Yes,Yes,No,23 to 30
554,0,No,No,No,No,Male,Widowed,Yes,Yes,Yes,40 to 60
555,1,No,No,Yes,No,Female,Married,Yes,Yes,Yes,60 to 70
556,0,No,No,Yes,Yes,Male,Separated,Yes,Yes,No,31 to 40
557,0,No,No,Yes,No,Female,Separated,Yes,Yes,No,23 to 30
558,0,No,No,Yes,No,Female,Divorced,Yes,Yes,No,23 to 30
559,0,No,No,Yes,No,Female,Separated,Yes,Yes,No,23 to 30
560,1,No,Yes,No,Yes,Male,Divorced,Yes,Yes,Yes,40 to 60
561,0,No,No,No,No,Male,Single,Yes,Yes,No,17 to 22
562,1,No,Yes,Yes,No,Female,Married,Yes,Yes,Yes,31 to 40
563,1,No,No,Yes,Yes,Male,Separated,Yes,Yes,No,23 to 30
564,0,No,Yes,No,Yes,Male,Single,Yes,Yes,Yes,23 to 30
565,1,No,No,No,No,Female,Married,Yes,Yes,Yes,40 to 60
566,0,No,No,Yes,No,Male,Separated,Yes,Yes,No,60 to 70
567,0,No,No,Yes,No,Female,Divorced,Yes,Yes,No,17 to 22
568,0,No,Yes,Yes,Yes,Female,Widowed,Yes,Yes,Yes,40 to 60
569,0,No,No,No,No,Female,Widowed,Yes,Yes,Yes,23 to 30
570,1,Yes,No,No,No,Female,Separated,Yes,Yes,Yes,31 to 40
571,0,No,No,Yes,No,Male,Widowed,Yes,Yes,Yes,31 to 40
572,0,No,No,Yes,Yes,Male,Divorced,Yes,Yes,Yes,31 to 40
573,0,No,No,Yes,Yes,Female,Separated,Yes,Yes,No,17 to 22
574,0,No,No,No,Yes,Male,Separated,Yes,Yes,Yes,23 to 30
575,0,No,No,Yes,No,Female,Married,Yes,Yes,Yes,40 to 60
576,0,No,No,Yes,No,Male,Widowed,Yes,Yes,No,40 to 60
577,0,No,No,Yes,No,Male,Separated,Yes,Yes,No,31 to 40
578,0,No,No,Yes,Yes,Female,Separated,Yes,No,Yes,40 to 60
579,1,No,Yes,Yes,No,Female,Widowed,Yes,No,No,23 to 30
580,0,No,No,No,No,Female,Single,Yes,No,Yes,23 to 30
581,0,No,No,Yes,No,Male,Widowed,Yes,No,No,17 to 22
582,1,No,Yes,Yes,No,Male,Married,Yes,Yes,Yes,31 to 40
583,0,No,No,No,Yes,Female,Widowed,Yes,Yes,Yes,23 to 30
584,1,No,No,Yes,No,Male,Widowed,Yes,Yes,Yes,31 to 40
585,1,No,No,Yes,No,Male,Married,Yes,Yes,Yes,23 to 30
586,0,No,No,No,Yes,Male,Separated,No,Yes,Yes,23 to 30
587,1,No,Yes,Yes,Yes,Female,Widowed,No,Yes,Yes,40 to 60
588,0,No,No,Yes,No,Male,Separated,No,Yes,No,23 to 30
589,0,No,No,Yes,No,Female,Married,No,Yes,No,31 to 40
590,0,No,No,Yes,No,Female,Widowed,No,Yes,Yes,40 to 60
591,1,No,No,Yes,No,Female,Widowed,No,Yes,Yes,23 to 30
592,1,No,No,No,No,Female,Married,No,Yes,Yes,40 to 60
593,0,No,No,No,No,Male,Divorced,No,Yes,No,17 to 22
594,1,No,No,Yes,Yes,Female,Married,No,Yes,Yes,23 to 30
595,1,No,No,Yes,Yes,Female,Widowed,No,Yes,Yes,17 to 22
596,0,No,No,Yes,No,Male,Separated,No,Yes,No,23 to 30
597,0,No,Yes,Yes,No,Male,Separated,No,Yes,Yes,40 to 60
598,1,No,No,Yes,No,Male,Widowed,No,Yes,Yes,23 to 30
599,1,No,No,No,No,Female,Single,No,Yes,Yes,60 to 70
600,0,No,No,Yes,No,Male,Separated,No,Yes,Yes,17 to 22
601,0,No,No,Yes,Yes,Female,Divorced,No,Yes,No,60 to 70
602,0,No,No,No,No,Male,Separated,No,Yes,Yes,31 to 40
603,0,No,No,Yes,No,Male,Married,No,Yes,Yes,31 to 40
604,0,No,No,Yes,No,Female,Separated,No,Yes,Yes,23 to 30
605,0,No,No,Yes,No,Female,Married,No,Yes,Yes,17 to 22
606,0,No,No,No,No,Male,Married,No,Yes,No,23 to 30
607,0,No,No,No,Yes,Female,Widowed,No,Yes,Yes,40 to 60
608,1,No,No,Yes,No,Female,Single,No,Yes,Yes,23 to 30
609,1,No,No,No,No,Male,Married,No,Yes,No,31 to 40
610,1,No,No,Yes,No,Male,Widowed,No,Yes,Yes,23 to 30
611,0,No,No,No,No,Female,Single,No,Yes,No,40 to 60
612,1,No,Yes,No,No,Female,Widowed,No,Yes,No,40 to 60
613,1,No,No,No,Yes,Male,Divorced,No,Yes,No,17 to 22
614,0,No,No,Yes,No,Female,Single,No,Yes,No,31 to 40
615,0,No,No,No,No,Female,Widowed,No,Yes,No,31 to 40
616,1,No,No,Yes,No,Female,Single,No,Yes,No,60 to 70
617,1,No,Yes,Yes,No,Male,Single,No,Yes,Yes,23 to 30
618,1,No,No,No,No,Male,Married,No,Yes,No,23 to 30
619,0,No,No,Yes,No,Female,Widowed,No,Yes,,23 to 30
620,0,No,No,No,Yes,Female,Married,No,Yes,No,31 to 40
621,1,No,Yes,Yes,Yes,Female,Married,No,Yes,Yes,31 to 40
622,0,No,No,No,No,Female,Widowed,No,Yes,Yes,31 to 40
623,0,No,No,No,No,Male,Married,No,Yes,No,31 to 40
624,0,No,No,Yes,No,Female,Separated,No,Yes,No,31 to 40
625,0,No,No,No,No,Male,Married,No,Yes,No,40 to 60
626,0,No,No,No,No,Female,Married,No,Yes,No,23 to 30
627,1,No,No,No,No,Female,Divorced,No,Yes,Yes,60 to 70
628,0,No,No,Yes,No,Female,Widowed,No,Yes,,31 to 40
629,0,No,No,No,No,Female,Single,No,Yes,,60 to 70
630,1,No,Yes,No,No,Female,Married,No,Yes,Yes,23 to 30
631,1,No,No,No,No,Female,Widowed,Yes,Yes,No,60 to 70
632,1,No,Yes,Yes,Yes,Male,Divorced,No,Yes,Yes,17 to 22
633,0,No,No,No,No,Female,Divorced,No,Yes,Yes,23 to 30
634,0,No,No,Yes,Yes,Male,Divorced,No,Yes,,40 to 60
635,0,No,No,No,No,Female,Divorced,No,Yes,No,60 to 70
636,0,No,No,No,No,Male,Divorced,No,No,Yes,60 to 70
637,0,No,No,Yes,No,Male,Divorced,Yes,No,No,60 to 70
638,0,No,No,Yes,Yes,Male,Divorced,No,No,Yes,60 to 70
639,0,No,No,No,No,Male,Divorced,No,Yes,No,60 to 70
640,1,No,No,No,No,Male,Divorced,No,Yes,No,60 to 70
641,0,No,No,No,No,Male,Divorced,No,Yes,No,60 to 70
642,0,No,No,No,Yes,Male,Divorced,No,Yes,,60 to 70
643,0,No,No,No,No,Male,Divorced,No,Yes,Yes,60 to 70
644,1,No,No,No,No,Male,Divorced,No,Yes,Yes,60 to 70
645,0,No,No,No,No,Male,Divorced,No,Yes,No,60 to 70
646,0,No,No,No,No,Male,Divorced,No,Yes,No,60 to 70
647,0,No,No,No,Yes,Male,Divorced,No,Yes,No,60 to 70
648,0,No,No,Yes,Yes,Male,Divorced,No,Yes,No,60 to 70
649,0,No,No,Yes,No,Male,Divorced,Yes,Yes,Yes,60 to 70
650,0,No,Yes,No,No,Male,Divorced,No,Yes,No,60 to 70
651,0,No,No,No,No,Male,Divorced,No,Yes,Yes,60 to 70
652,0,No,No,No,Yes,Male,Divorced,No,Yes,Yes,60 to 70
653,1,No,No,No,No,Male,Divorced,No,Yes,,60 to 70
654,1,No,No,Yes,Yes,Male,Divorced,No,Yes,Yes,60 to 70
655,0,No,No,Yes,No,Male,Divorced,No,Yes,,60 to 70
656,0,No,No,Yes,No,Male,Divorced,No,Yes,No,60 to 70
657,0,No,No,Yes,No,Female,Married,No,Yes,No,23 to 30
658,0,No,No,No,No,Female,Widowed,No,Yes,No,17 to 22
659,0,No,No,No,Yes,Male,Separated,No,Yes,No,23 to 30
660,0,No,No,No,No,Female,Divorced,No,Yes,No,60 to 70
661,0,No,No,No,Yes,Male,Separated,No,Yes,No,40 to 60
662,1,No,No,No,No,Female,Widowed,Yes,Yes,Yes,40 to 60
663,0,No,No,No,No,Male,Separated,No,Yes,No,17 to 22
664,0,No,No,No,Yes,Female,Widowed,No,Yes,No,31 to 40
665,0,No,No,No,No,Male,Separated,No,Yes,No,31 to 40
666,0,Yes,Yes,Yes,No,Female,Divorced,No,Yes,Yes,40 to 60
667,1,No,No,No,No,Male,Separated,No,Yes,,31 to 40
668,1,No,No,Yes,No,Female,Married,No,No,Yes,23 to 30
669,0,No,Yes,Yes,No,Female,Widowed,No,No,Yes,31 to 40
670,0,No,No,No,No,Female,Separated,No,No,No,17 to 22
671,0,No,Yes,Yes,No,Female,Divorced,No,Yes,No,23 to 30
672,0,No,No,No,No,Male,Divorced,No,Yes,No,23 to 30
673,0,No,No,Yes,No,Female,Separated,No,Yes,Yes,40 to 60
674,1,No,No,No,Yes,Female,Widowed,No,Yes,Yes,17 to 22
675,0,No,No,No,No,Female,Married,No,Yes,No,60 to 70
676,0,No,No,No,No,Male,Separated,Yes,Yes,No,23 to 30
677,0,No,No,No,No,Male,Separated,No,Yes,No,23 to 30
678,0,No,No,Yes,No,Male,Widowed,No,No,No,17 to 22
679,0,No,No,No,No,Male,Widowed,No,Yes,No,23 to 30
680,0,No,No,No,No,Male,Married,No,Yes,,31 to 40
681,0,No,No,No,Yes,Female,Widowed,No,Yes,No,31 to 40
682,0,No,No,No,No,Male,Separated,No,Yes,,17 to 22
683,1,No,No,No,No,Female,Single,No,Yes,No,60 to 70
684,0,No,No,No,No,Female,Separated,No,Yes,No,60 to 70
685,0,No,No,No,No,Female,Married,No,Yes,No,60 to 70
686,0,No,No,No,No,Female,Widowed,No,Yes,No,23 to 30
687,0,No,No,No,No,Male,Single,No,Yes,No,23 to 30
688,0,No,No,No,No,Female,Divorced,No,Yes,No,40 to 60
689,1,No,No,No,Yes,Male,Separated,No,Yes,Yes,40 to 60
690,0,No,Yes,Yes,No,Male,Widowed,No,Yes,,40 to 60
691,0,No,No,No,No,Male,Separated,No,Yes,No,23 to 30
692,0,No,No,No,No,Male,Separated,Yes,Yes,No,40 to 60
693,0,No,No,Yes,No,Female,Single,No,Yes,Yes,23 to 30
694,1,No,No,No,Yes,Male,Married,No,Yes,Yes,31 to 40
695,1,No,No,Yes,Yes,Male,Single,No,Yes,Yes,40 to 60
696,0,No,No,Yes,No,Female,Separated,No,Yes,,31 to 40
697,0,No,No,No,No,Female,Single,No,Yes,No,40 to 60
698,0,No,No,No,No,Male,Separated,No,Yes,No,23 to 30
699,0,No,No,Yes,No,Female,Single,No,Yes,No,23 to 30
700,0,No,No,No,No,Male,Separated,No,Yes,No,23 to 30
701,0,No,Yes,Yes,No,Male,Divorced,No,Yes,No,31 to 40
702,1,No,No,No,No,Male,Divorced,No,Yes,Yes,23 to 30
703,1,No,No,No,No,Male,Widowed,No,Yes,No,40 to 60
704,1,No,No,No,No,Female,Married,No,Yes,No,31 to 40
705,0,No,No,No,No,Female,Widowed,No,Yes,No,17 to 22
706,0,No,No,No,No,Female,Widowed,No,Yes,No,23 to 30
707,0,No,Yes,Yes,No,Male,Married,No,Yes,No,60 to 70
708,0,No,No,Yes,Yes,Female,Married,No,Yes,Yes,17 to 22
709,0,No,No,Yes,No,Female,Married,No,Yes,Yes,23 to 30
710,1,No,No,No,No,Female,Divorced,No,Yes,No,17 to 22
711,1,No,Yes,Yes,Yes,Female,Widowed,Yes,Yes,Yes,17 to 22
712,0,No,No,Yes,No,Female,Single,No,Yes,No,17 to 22
713,0,No,No,No,Yes,Female,Single,No,Yes,Yes,17 to 22
714,0,No,No,No,No,Female,Single,No,Yes,,17 to 22
715,0,No,No,No,No,Male,Single,No,Yes,Yes,17 to 22
716,0,No,No,No,No,Female,Single,No,Yes,Yes,17 to 22
717,0,No,No,Yes,No,Female,Single,No,Yes,No,17 to 22
718,0,No,No,Yes,No,Female,Single,No,Yes,No,17 to 22
719,0,No,No,Yes,No,Male,Single,No,Yes,Yes,17 to 22
720,0,No,No,Yes,No,Male,Single,No,Yes,No,17 to 22
721,0,No,No,No,Yes,Male,Single,No,Yes,No,17 to 22
722,1,No,No,No,No,Male,Single,No,Yes,No,17 to 22
723,1,No,No,Yes,No,Male,Single,No,Yes,No,17 to 22
724,1,No,No,Yes,No,Male,Single,No,Yes,No,17 to 22
725,0,No,No,No,No,Male,Single,No,Yes,,17 to 22
726,0,No,No,No,No,Male,Single,Yes,No,No,17 to 22
727,0,No,No,No,No,Male,Single,No,Yes,No,17 to 22
728,0,No,No,Yes,No,Male,Single,No,Yes,No,17 to 22
729,1,No,No,No,No,Male,Single,No,Yes,No,17 to 22
730,1,No,No,No,No,Male,Single,No,Yes,No,17 to 22
731,0,No,No,No,No,Male,Single,No,Yes,No,17 to 22
732,1,No,No,Yes,No,Male,Single,No,Yes,Yes,17 to 22
733,0,No,No,No,No,Male,Single,No,Yes,No,17 to 22
734,1,No,No,No,No,Male,Single,No,Yes,No,17 to 22
735,0,No,No,No,No,Male,Single,No,Yes,No,17 to 22
736,1,No,No,Yes,No,Male,Single,No,Yes,No,17 to 22
737,0,No,No,No,No,Male,Single,No,Yes,Yes,17 to 22
738,0,No,No,Yes,No,Male,Single,No,Yes,No,17 to 22
739,1,No,No,No,No,Male,Single,No,Yes,Yes,17 to 22
740,0,No,No,No,No,Male,Single,No,Yes,No,17 to 22
741,0,No,No,No,Yes,Male,Single,No,Yes,No,17 to 22
742,0,No,No,Yes,No,Male,Single,No,Yes,No,17 to 22
743,0,No,No,Yes,No,Male,Single,No,Yes,Yes,17 to 22
744,0,No,No,Yes,No,Male,Single,No,Yes,No,17 to 22
745,1,No,No,No,No,Male,Single,No,Yes,No,17 to 22
746,1,No,No,Yes,No,Male,Single,Yes,Yes,Yes,17 to 22
747,0,No,No,Yes,No,Male,Single,No,Yes,No,17 to 22
748,0,No,No,No,No,Male,Single,No,Yes,No,17 to 22
749,1,No,No,Yes,No,Male,Single,No,Yes,Yes,17 to 22
750,1,No,No,No,No,Male,Single,No,Yes,,17 to 22
751,0,No,No,Yes,No,Male,Single,No,Yes,No,17 to 22
752,0,No,No,No,No,Male,Single,No,No,No,17 to 22
753,0,No,No,No,No,Male,Single,No,No,No,17 to 22
754,0,No,No,No,No,Male,Single,No,No,Yes,17 to 22
755,0,No,Yes,No,No,Male,Single,No,No,No,17 to 22
756,0,No,No,Yes,No,Male,Single,No,No,No,17 to 22
757,1,No,No,No,Yes,Male,Single,No,No,Yes,17 to 22
758,0,No,No,No,No,Male,Single,No,No,No,17 to 22
759,0,No,No,Yes,No,Male,Single,No,No,No,17 to 22
760,0,No,No,No,No,Male,Single,No,No,No,17 to 22
761,1,No,No,Yes,Yes,Male,Single,No,No,Yes,17 to 22
762,1,No,No,Yes,No,Male,Single,No,No,No,17 to 22
763,1,No,No,No,No,Male,Single,No,No,No,17 to 22
764,1,No,No,No,No,Male,Single,No,No,No,17 to 22
765,1,No,No,No,No,Male,Single,No,No,No,17 to 22
766,0,No,No,Yes,No,Male,Single,No,No,No,17 to 22
767,0,No,No,No,No,Male,Single,No,No,No,17 to 22
768,0,No,No,No,No,Male,Single,No,No,No,17 to 22
769,1,No,No,Yes,No,Male,Single,No,No,Yes,17 to 22
770,1,No,No,No,Yes,Male,Single,No,No,Yes,17 to 22
771,0,No,No,Yes,No,Male,Single,No,No,No,17 to 22
772,1,No,No,Yes,Yes,Male,Single,No,No,Yes,17 to 22
773,0,No,No,No,No,Male,Single,No,No,No,17 to 22
774,0,No,No,No,No,Male,Single,No,No,No,17 to 22
775,0,No,No,Yes,No,Male,Single,No,No,,17 to 22
776,1,No,No,Yes,No,Male,Single,No,No,Yes,17 to 22
777,0,No,No,Yes,No,Male,Single,No,Yes,No,17 to 22
778,0,No,No,No,No,Male,Single,No,Yes,No,17 to 22
779,0,No,No,No,No,Male,Single,No,Yes,No,17 to 22
780,0,No,No,No,No,Male,Single,No,Yes,No,17 to 22
781,0,No,Yes,No,Yes,Male,Single,No,Yes,Yes,17 to 22
782,0,No,No,No,No,Male,Single,No,Yes,No,17 to 22
783,1,No,No,Yes,No,Male,Single,No,Yes,Yes,17 to 22
784,0,No,No,No,No,Male,Single,No,Yes,No,17 to 22
785,0,No,No,Yes,No,Male,Single,No,Yes,,17 to 22
786,0,No,No,No,No,Male,Single,No,Yes,No,17 to 22